{
    "timestamp": "20250523_175935",
    "update_count": 45,
    "global_anomaly_score": 0.4808385968208313,
    "node_anomalies": [
        {
            "node_id": 0,
            "recon_error": 11.773636817932129,
            "mlp_score": 0.012765953317284584,
            "ip": "192.168.27.10"
        },
        {
            "node_id": 2,
            "recon_error": 9.62198257446289,
            "mlp_score": 0.4753158390522003,
            "ip": "188.65.124.59"
        }
    ],
    "edge_anomalies": []
}