{
    "timestamp": "20250523_175105",
    "update_count": 28,
    "global_anomaly_score": 0.4219220280647278,
    "node_anomalies": [
        {
            "node_id": 2,
            "recon_error": 0.7783437967300415,
            "mlp_score": 0.5431715846061707,
            "ip": "188.65.124.59"
        }
    ],
    "edge_anomalies": [
        {
            "source_node_id": 0,
            "target_node_id": 11,
            "recon_error": 0.3341364562511444,
            "mlp_score": 0.4686477482318878,
            "source_ip": "192.168.27.11",
            "target_ip": "104.16.102.112"
        },
        {
            "source_node_id": 1,
            "target_node_id": 29,
            "recon_error": 0.32696276903152466,
            "mlp_score": 0.5536963939666748,
            "source_ip": "192.168.27.10",
            "target_ip": "74.125.200.99"
        }
    ]
}