{
    "timestamp": "20250523_180145",
    "update_count": 49,
    "global_anomaly_score": 0.47775349020957947,
    "node_anomalies": [
        {
            "node_id": 0,
            "recon_error": 12.093908309936523,
            "mlp_score": 0.26129385828971863,
            "ip": "192.168.27.10"
        }
    ],
    "edge_anomalies": []
}