{
    "timestamp": "20250523_175508",
    "update_count": 36,
    "global_anomaly_score": 0.644014298915863,
    "node_anomalies": [
        {
            "node_id": 0,
            "recon_error": 0.5267159342765808,
            "mlp_score": 0.4833626449108124,
            "ip": "192.168.27.10"
        }
    ],
    "edge_anomalies": []
}