{
    "timestamp": "20250523_180459",
    "update_count": 55,
    "global_anomaly_score": 0.533733069896698,
    "node_anomalies": [
        {
            "node_id": 4,
            "recon_error": 0.15413907170295715,
            "mlp_score": 0.5131858587265015,
            "ip": "192.168.27.11"
        }
    ],
    "edge_anomalies": []
}