{
    "timestamp": "20250523_174755",
    "update_count": 22,
    "global_anomaly_score": 0.4334072768688202,
    "node_anomalies": [
        {
            "node_id": 1,
            "recon_error": 4.519162178039551,
            "mlp_score": 0.4824552834033966,
            "ip": "192.168.27.10"
        }
    ],
    "edge_anomalies": []
}