{
    "timestamp": "20250523_175817",
    "update_count": 42,
    "global_anomaly_score": 0.514522910118103,
    "node_anomalies": [
        {
            "node_id": 2,
            "recon_error": 3.5460002422332764,
            "mlp_score": 0.5225965976715088,
            "ip": "188.65.124.59"
        }
    ],
    "edge_anomalies": []
}