{
    "timestamp": "20250523_175738",
    "update_count": 41,
    "global_anomaly_score": 0.576902449131012,
    "node_anomalies": [
        {
            "node_id": 0,
            "recon_error": 16.41053581237793,
            "mlp_score": 0.7112552523612976,
            "ip": "192.168.27.10"
        },
        {
            "node_id": 2,
            "recon_error": 15.236513137817383,
            "mlp_score": 0.5096774101257324,
            "ip": "34.149.43.113"
        },
        {
            "node_id": 4,
            "recon_error": 15.95966625213623,
            "mlp_score": 0.5144809484481812,
            "ip": "188.65.124.59"
        }
    ],
    "edge_anomalies": [
        {
            "source_node_id": 0,
            "target_node_id": 2,
            "recon_error": 0.1680101752281189,
            "mlp_score": 0.07355508208274841,
            "source_ip": "192.168.27.10",
            "target_ip": "34.149.43.113"
        }
    ]
}