{
    "timestamp": "20250523_175432",
    "update_count": 35,
    "global_anomaly_score": 0.645690381526947,
    "node_anomalies": [
        {
            "node_id": 0,
            "recon_error": 0.54319167137146,
            "mlp_score": 0.5325441360473633,
            "ip": "192.168.27.10"
        }
    ],
    "edge_anomalies": []
}