{
    "timestamp": "20250523_174621",
    "update_count": 19,
    "global_anomaly_score": 0.39579060673713684,
    "node_anomalies": [
        {
            "node_id": 2,
            "recon_error": 0.4111584722995758,
            "mlp_score": 0.4374929964542389,
            "ip": "188.65.124.59"
        }
    ],
    "edge_anomalies": []
}