{
    "timestamp": "20250523_174834",
    "update_count": 23,
    "global_anomaly_score": 0.4390983581542969,
    "node_anomalies": [
        {
            "node_id": 0,
            "recon_error": 0.2822088301181793,
            "mlp_score": 0.5115442276000977,
            "ip": "192.168.27.11"
        },
        {
            "node_id": 1,
            "recon_error": 0.46933555603027344,
            "mlp_score": 0.4789164066314697,
            "ip": "192.168.27.10"
        },
        {
            "node_id": 2,
            "recon_error": 0.3342333734035492,
            "mlp_score": 0.4565379023551941,
            "ip": "13.232.146.182"
        }
    ],
    "edge_anomalies": []
}