{
    "timestamp": "20250522_183409",
    "update_count": 58,
    "global_anomaly_score": 0.49025601148605347,
    "node_anomalies": [
        {
            "node_id": 0,
            "score": 0.5061320662498474,
            "ip": "192.168.27.10"
        },
        {
            "node_id": 0,
            "score": 0.5061320662498474,
            "ip": "192.168.27.10"
        }
    ],
    "edge_anomalies": []
}