{
    "timestamp": "20250523_174345",
    "update_count": 14,
    "global_anomaly_score": 0.4667734205722809,
    "node_anomalies": [
        {
            "node_id": 0,
            "recon_error": 0.10275717079639435,
            "mlp_score": 0.4782325327396393,
            "ip": "192.168.27.11"
        }
    ],
    "edge_anomalies": []
}