{
    "timestamp": "20250523_174519",
    "update_count": 17,
    "global_anomaly_score": 0.41859233379364014,
    "node_anomalies": [
        {
            "node_id": 0,
            "recon_error": 0.1886305958032608,
            "mlp_score": 0.5168024897575378,
            "ip": "192.168.27.11"
        },
        {
            "node_id": 2,
            "recon_error": 0.12379343807697296,
            "mlp_score": 0.49383771419525146,
            "ip": "13.232.146.182"
        }
    ],
    "edge_anomalies": []
}