{
    "timestamp": "20250523_174652",
    "update_count": 20,
    "global_anomaly_score": 0.3639886677265167,
    "node_anomalies": [
        {
            "node_id": 0,
            "recon_error": 0.1484411656856537,
            "mlp_score": 0.5024042725563049,
            "ip": "192.168.27.11"
        }
    ],
    "edge_anomalies": []
}