{
    "timestamp": "20250523_175341",
    "update_count": 34,
    "global_anomaly_score": 0.6568664312362671,
    "node_anomalies": [
        {
            "node_id": 0,
            "recon_error": 8.506318092346191,
            "mlp_score": 0.2619803249835968,
            "ip": "192.168.27.10"
        }
    ],
    "edge_anomalies": []
}