{
    "timestamp": "20250523_174723",
    "update_count": 21,
    "global_anomaly_score": 0.40386438369750977,
    "node_anomalies": [
        {
            "node_id": 1,
            "recon_error": 23.039630889892578,
            "mlp_score": 0.8349020481109619,
            "ip": "192.168.27.10"
        }
    ],
    "edge_anomalies": []
}