{
    "timestamp": "20250523_174932",
    "update_count": 25,
    "global_anomaly_score": 0.5704755187034607,
    "node_anomalies": [
        {
            "node_id": 0,
            "recon_error": 0.256916880607605,
            "mlp_score": 0.4909438192844391,
            "ip": "192.168.27.11"
        }
    ],
    "edge_anomalies": []
}