{
    "timestamp": "20250523_180106",
    "update_count": 48,
    "global_anomaly_score": 0.45752912759780884,
    "node_anomalies": [
        {
            "node_id": 0,
            "recon_error": 0.23622409999370575,
            "mlp_score": 0.5225697755813599,
            "ip": "192.168.27.10"
        }
    ],
    "edge_anomalies": []
}