{
    "timestamp": "20250523_175700",
    "update_count": 39,
    "global_anomaly_score": 0.2764210104942322,
    "node_anomalies": [
        {
            "node_id": 1,
            "recon_error": 0.23435048758983612,
            "mlp_score": 0.5218238234519958,
            "ip": "192.168.27.11"
        }
    ],
    "edge_anomalies": []
}