{
    "timestamp": "20250522_183716",
    "update_count": 64,
    "global_anomaly_score": 0.49523022770881653,
    "node_anomalies": [
        {
            "node_id": 0,
            "score": 0.5107488036155701,
            "ip": "192.168.27.10"
        },
        {
            "node_id": 2,
            "score": 0.5109716057777405,
            "ip": "188.65.124.59"
        },
        {
            "node_id": 0,
            "score": 0.5107488036155701,
            "ip": "192.168.27.10"
        },
        {
            "node_id": 2,
            "score": 0.5109716057777405,
            "ip": "188.65.124.59"
        }
    ],
    "edge_anomalies": []
}