{
    "timestamp": "20250523_174030",
    "update_count": 7,
    "global_anomaly_score": 0.5345943570137024,
    "node_anomalies": [
        {
            "node_id": 12,
            "recon_error": 0.981761634349823,
            "mlp_score": 0.5015345215797424,
            "ip": "192.168.27.10"
        }
    ],
    "edge_anomalies": []
}