{
    "timestamp": "20250523_180027",
    "update_count": 46,
    "global_anomaly_score": 0.47586071491241455,
    "node_anomalies": [
        {
            "node_id": 0,
            "recon_error": 1.019507884979248,
            "mlp_score": 0.6226790547370911,
            "ip": "192.168.27.10"
        },
        {
            "node_id": 2,
            "recon_error": 0.7240003943443298,
            "mlp_score": 0.5019426941871643,
            "ip": "188.65.124.59"
        }
    ],
    "edge_anomalies": []
}