{
    "timestamp": "20250522_182445",
    "update_count": 39,
    "global_anomaly_score": 0.5027565956115723,
    "node_anomalies": [
        {
            "node_id": 3,
            "score": 0.4974888265132904,
            "ip": "34.149.43.113"
        },
        {
            "node_id": 3,
            "score": 0.4974888265132904,
            "ip": "34.149.43.113"
        }
    ],
    "edge_anomalies": []
}