{
    "timestamp": "20250523_175623",
    "update_count": 38,
    "global_anomaly_score": 0.2681542634963989,
    "node_anomalies": [
        {
            "node_id": 0,
            "recon_error": 1.440401315689087,
            "mlp_score": 0.4772458076477051,
            "ip": "192.168.27.10"
        }
    ],
    "edge_anomalies": []
}