{
    "timestamp": "20250523_175033",
    "update_count": 27,
    "global_anomaly_score": 0.4052826464176178,
    "node_anomalies": [
        {
            "node_id": 2,
            "recon_error": 10.990076065063477,
            "mlp_score": 0.856909453868866,
            "ip": "188.65.124.59"
        }
    ],
    "edge_anomalies": []
}