{
    "timestamp": "20250523_174417",
    "update_count": 15,
    "global_anomaly_score": 0.41365471482276917,
    "node_anomalies": [
        {
            "node_id": 1,
            "recon_error": 38.666351318359375,
            "mlp_score": 0.3516472280025482,
            "ip": "192.168.27.10"
        }
    ],
    "edge_anomalies": []
}