{
    "timestamp": "20250523_175238",
    "update_count": 31,
    "global_anomaly_score": 0.6394352912902832,
    "node_anomalies": [
        {
            "node_id": 0,
            "recon_error": 2.605785608291626,
            "mlp_score": 0.4873844087123871,
            "ip": "192.168.27.10"
        }
    ],
    "edge_anomalies": []
}