{
    "timestamp": "20250522_184327",
    "update_count": 75,
    "global_anomaly_score": 0.5026450753211975,
    "node_anomalies": [
        {
            "node_id": 0,
            "score": 0.5006012320518494,
            "ip": "192.168.27.10"
        },
        {
            "node_id": 0,
            "score": 0.5006012320518494,
            "ip": "192.168.27.10"
        }
    ],
    "edge_anomalies": []
}