{
    "timestamp": "20250523_175856",
    "update_count": 43,
    "global_anomaly_score": 0.5141218900680542,
    "node_anomalies": [
        {
            "node_id": 1,
            "recon_error": 0.23704040050506592,
            "mlp_score": 0.5108673572540283,
            "ip": "192.168.27.11"
        },
        {
            "node_id": 2,
            "recon_error": 0.21072283387184143,
            "mlp_score": 0.506280779838562,
            "ip": "188.65.124.59"
        }
    ],
    "edge_anomalies": [
        {
            "source_node_id": 0,
            "target_node_id": 18,
            "recon_error": 0.31102707982063293,
            "mlp_score": 0.493821918964386,
            "source_ip": "192.168.27.10",
            "target_ip": "13.33.183.69"
        },
        {
            "source_node_id": 0,
            "target_node_id": 20,
            "recon_error": 0.3254987895488739,
            "mlp_score": 0.5058633089065552,
            "source_ip": "192.168.27.10",
            "target_ip": "108.156.144.37"
        }
    ]
}