{
    "timestamp": "20250523_174314",
    "update_count": 13,
    "global_anomaly_score": 0.4860931634902954,
    "node_anomalies": [
        {
            "node_id": 0,
            "recon_error": 0.4638649821281433,
            "mlp_score": 0.43477094173431396,
            "ip": "192.168.27.11"
        },
        {
            "node_id": 1,
            "recon_error": 0.5980230569839478,
            "mlp_score": 0.4297385513782501,
            "ip": "192.168.27.10"
        }
    ],
    "edge_anomalies": [
        {
            "source_node_id": 0,
            "target_node_id": 22,
            "recon_error": 0.31971225142478943,
            "mlp_score": 0.5032232999801636,
            "source_ip": "192.168.27.11",
            "target_ip": "151.101.193.164"
        },
        {
            "source_node_id": 1,
            "target_node_id": 27,
            "recon_error": 0.30615246295928955,
            "mlp_score": 0.5150429010391235,
            "source_ip": "192.168.27.10",
            "target_ip": "142.251.12.147"
        }
    ]
}