{
    "timestamp": "20250523_181017",
    "update_count": 66,
    "global_anomaly_score": 0.4826100468635559,
    "node_anomalies": [],
    "edge_anomalies": [
        {
            "source_node_id": 0,
            "target_node_id": 2,
            "recon_error": 0.23013755679130554,
            "mlp_score": 0.5122250914573669,
            "source_ip": "192.168.27.10",
            "target_ip": "188.65.124.59"
        },
        {
            "source_node_id": 0,
            "target_node_id": 2,
            "recon_error": 0.23091594874858856,
            "mlp_score": 0.5121095180511475,
            "source_ip": "192.168.27.10",
            "target_ip": "188.65.124.59"
        },
        {
            "source_node_id": 1,
            "target_node_id": 3,
            "recon_error": 0.2689366340637207,
            "mlp_score": 0.4780865013599396,
            "source_ip": "192.168.27.11",
            "target_ip": "74.125.24.84"
        },
        {
            "source_node_id": 4,
            "target_node_id": 5,
            "recon_error": 0.22540396451950073,
            "mlp_score": 0.537936806678772,
            "source_ip": "192.168.209.128",
            "target_ip": "192.168.239.101"
        }
    ]
}