{
    "timestamp": "20250527_115256",
    "update_count": 47,
    "global_anomaly_score": 0.518419623374939,
    "node_anomalies": [
        {
            "node_id": 0,
            "recon_error": 18.713611602783203,
            "mlp_score": 0.29624298214912415,
            "ip": "192.168.27.10"
        }
    ],
    "edge_anomalies": []
}