{
    "timestamp": "20250527_114537",
    "update_count": 32,
    "global_anomaly_score": 0.4486083388328552,
    "node_anomalies": [
        {
            "node_id": 1,
            "recon_error": 0.061956681311130524,
            "mlp_score": 0.5037274956703186,
            "ip": "192.168.27.11"
        }
    ],
    "edge_anomalies": []
}