{
    "timestamp": "20250526_151214",
    "update_count": 21,
    "global_anomaly_score": 0.4358779489994049,
    "node_anomalies": [
        {
            "node_id": 1,
            "recon_error": 3.9807753562927246,
            "mlp_score": 0.9460172057151794,
            "ip": "192.168.27.10"
        }
    ],
    "edge_anomalies": [
        {
            "source_node_id": 9,
            "target_node_id": 10,
            "recon_error": 0.43327176570892334,
            "mlp_score": 0.5160367488861084,
            "source_ip": "fe80::8cf2:6dff:fe7e:a0f5",
            "target_ip": "ff02::2"
        }
    ]
}