{
    "timestamp": "20250527_115356",
    "update_count": 49,
    "global_anomaly_score": 0.5684884786605835,
    "node_anomalies": [
        {
            "node_id": 2,
            "recon_error": 0.3153175413608551,
            "mlp_score": 0.5160239338874817,
            "ip": "188.65.124.59"
        }
    ],
    "edge_anomalies": []
}