{
    "timestamp": "20250527_114025",
    "update_count": 22,
    "global_anomaly_score": 0.3556794822216034,
    "node_anomalies": [
        {
            "node_id": 1,
            "recon_error": 12.523686408996582,
            "mlp_score": 0.9417665004730225,
            "ip": "192.168.27.10"
        },
        {
            "node_id": 2,
            "recon_error": 10.748331069946289,
            "mlp_score": 0.9961430430412292,
            "ip": "13.232.146.182"
        }
    ],
    "edge_anomalies": [
        {
            "source_node_id": 0,
            "target_node_id": 15,
            "recon_error": 0.5089858770370483,
            "mlp_score": 0.3179827332496643,
            "source_ip": "192.168.27.11",
            "target_ip": "74.125.130.148"
        },
        {
            "source_node_id": 0,
            "target_node_id": 19,
            "recon_error": 0.5089693069458008,
            "mlp_score": 0.3179965913295746,
            "source_ip": "192.168.27.11",
            "target_ip": "74.125.130.155"
        }
    ]
}