{
    "timestamp": "20250527_113316",
    "update_count": 7,
    "global_anomaly_score": 0.548698902130127,
    "node_anomalies": [
        {
            "node_id": 9,
            "recon_error": 0.8468549847602844,
            "mlp_score": 0.4961928129196167,
            "ip": "192.168.27.10"
        }
    ],
    "edge_anomalies": []
}