{
    "timestamp": "20250527_115504",
    "update_count": 51,
    "global_anomaly_score": 0.5473312139511108,
    "node_anomalies": [
        {
            "node_id": 1,
            "recon_error": 0.13833700120449066,
            "mlp_score": 0.5077168345451355,
            "ip": "192.168.27.11"
        },
        {
            "node_id": 2,
            "recon_error": 0.13126762211322784,
            "mlp_score": 0.5062998533248901,
            "ip": "188.65.124.59"
        }
    ],
    "edge_anomalies": [
        {
            "source_node_id": 0,
            "target_node_id": 9,
            "recon_error": 0.37551552057266235,
            "mlp_score": 0.49350762367248535,
            "source_ip": "192.168.27.10",
            "target_ip": "172.217.194.106"
        }
    ]
}