{
    "timestamp": "20250527_114946",
    "update_count": 40,
    "global_anomaly_score": 0.5647920370101929,
    "node_anomalies": [
        {
            "node_id": 0,
            "recon_error": 40.698036193847656,
            "mlp_score": 0.11714142560958862,
            "ip": "192.168.27.10"
        }
    ],
    "edge_anomalies": []
}