{
    "timestamp": "20250604_164007",
    "update_count": 23,
    "global_anomaly_score": 0.001913848565891385,
    "node_anomalies": [
        {
            "node_id": 474,
            "recon_error": 55.98225402832031,
            "mlp_score": 0.0,
            "ip": "192.168.27.13"
        }
    ],
    "edge_anomalies": []
}