{
    "timestamp": "20250527_115050",
    "update_count": 42,
    "global_anomaly_score": 0.5670267343521118,
    "node_anomalies": [
        {
            "node_id": 0,
            "recon_error": 5.281044960021973,
            "mlp_score": 0.5231351256370544,
            "ip": "192.168.27.10"
        }
    ],
    "edge_anomalies": []
}