{
    "timestamp": "20250527_113821",
    "update_count": 18,
    "global_anomaly_score": 0.48249393701553345,
    "node_anomalies": [
        {
            "node_id": 0,
            "recon_error": 0.1547277271747589,
            "mlp_score": 0.5226632356643677,
            "ip": "192.168.27.11"
        }
    ],
    "edge_anomalies": []
}