{
  "timestamp": "20250604_153703",
  "update_count": 2,
  "global_anomaly_score": 0.9999995231628418,
  "node_anomalies": [
    {
      "node_id": 8,
      "recon_error": 353.2037048339844,
      "mlp_score": 0.0,
      "ip": "192.168.27.10"
    }
  ],
  "edge_anomalies": []
}