{
    "timestamp": "20250527_114333",
    "update_count": 28,
    "global_anomaly_score": 0.4428004324436188,
    "node_anomalies": [
        {
            "node_id": 1,
            "recon_error": 11.720640182495117,
            "mlp_score": 0.001326959696598351,
            "ip": "192.168.27.10"
        },
        {
            "node_id": 2,
            "recon_error": 12.075291633605957,
            "mlp_score": 0.07436107844114304,
            "ip": "188.65.124.59"
        }
    ],
    "edge_anomalies": []
}