{
    "timestamp": "20250526_151247",
    "update_count": 22,
    "global_anomaly_score": 0.4461510181427002,
    "node_anomalies": [
        {
            "node_id": 0,
            "recon_error": 0.11385208368301392,
            "mlp_score": 0.519715428352356,
            "ip": "192.168.27.11"
        }
    ],
    "edge_anomalies": []
}