{
  "timestamp": "20250604_154625",
  "update_count": 12,
  "global_anomaly_score": 0.9641374349594116,
  "node_anomalies": [
    {
      "node_id": 161,
      "recon_error": 3405.49951171875,
      "mlp_score": 1.0,
      "ip": "192.168.27.12"
    },
    {
      "node_id": 244,
      "recon_error": 4117.32373046875,
      "mlp_score": 1.0,
      "ip": "192.168.27.13"
    },
    {
      "node_id": 290,
      "recon_error": 3240.06005859375,
      "mlp_score": 1.0,
      "ip": "192.168.27.10"
    },
    {
      "node_id": 556,
      "recon_error": 664.7342529296875,
      "mlp_score": 1.0,
      "ip": "210.245.26.97"
    }
  ],
  "edge_anomalies": []
}