{
    "timestamp": "20250527_114639",
    "update_count": 34,
    "global_anomaly_score": 0.725801408290863,
    "node_anomalies": [
        {
            "node_id": 0,
            "recon_error": 12.028037071228027,
            "mlp_score": 0.07862198352813721,
            "ip": "192.168.27.10"
        }
    ],
    "edge_anomalies": []
}